INSERT INTO TB_PROFILE(ID_PROFILE, NM_PROFILE) VALUES(1, 'User');
INSERT INTO TB_PROFILE(ID_PROFILE, NM_PROFILE) VALUES(2, 'Station');
INSERT INTO TB_PROFILE(ID_PROFILE, NM_PROFILE) VALUES(3, 'Admin');

INSERT INTO TB_USER(ID, EMAIL, PASSWORD) VALUES(1, 'teste@hotmail.com', '$2a$10$qd7brwl/jQP0QmyhkckPaOygj/J9GNtAo3Xw5noXt928pr76WZpve');
INSERT INTO TB_USER(ID, EMAIL, PASSWORD) VALUES(2, 'teste2@hotmail.com', '$2a$10$qd7brwl/jQP0QmyhkckPaOygj/J9GNtAo3Xw5noXt928pr76WZpve');
INSERT INTO TB_USER(ID, EMAIL, PASSWORD) VALUES(3, 'teste3@hotmail.com', '$2a$10$qd7brwl/jQP0QmyhkckPaOygj/J9GNtAo3Xw5noXt928pr76WZpve');


INSERT INTO TB_WEB_CONTACTS(ID, EMAIL, SITE, USER_ID) VALUES(1, 'teste@hotmail.com', 'www.teste.com.br', 1);
INSERT INTO TB_WEB_CONTACTS(ID, EMAIL, SITE, USER_ID) VALUES(2, 'teste2@hotmail.com', 'www.teste2.com.br', 2);
INSERT INTO TB_WEB_CONTACTS(ID, EMAIL, SITE, USER_ID) VALUES(3, 'teste3@hotmail.com', 'www.teste3.com.br', 3);
INSERT INTO TB_WEB_CONTACTS(ID, EMAIL, SITE, USER_ID) VALUES(4, 'teste3@hotmail.com', 'www.teste3.com.br', 3);


INSERT INTO TB_PHONES(ID, PHONE, CELL_PHONE, CELL_PHONE_ADD, USER_ID) VALUES(1, '(11)1111-3344', '(11)99999-1111', '(11)99999-1111', 1);
INSERT INTO TB_PHONES(ID, PHONE, CELL_PHONE, CELL_PHONE_ADD, USER_ID) VALUES(2, '(11)2222-3344', '(11)99999-2222', '(11)99999-2222', 2);
INSERT INTO TB_PHONES(ID, PHONE, CELL_PHONE, CELL_PHONE_ADD, USER_ID) VALUES(3, '(11)3333-3344', '(11)99999-3333', '(11)99999-3333', 3);
INSERT INTO TB_PHONES(ID, PHONE, CELL_PHONE, CELL_PHONE_ADD, USER_ID) VALUES(4, '(11)3333-3344', '(11)99999-3333', '(11)99999-3333', 3);


--INSERT INTO TB_ADDRESS(ID, STREET, NUMBER, COMPLEMENT, NEIGHBORHOOD, CITY, STATE, UF, ZIP, USER_ID)
--	   VALUES(1, 'Rua dos Gusmões', 456, 'A', 'Santa Efigênia', 'São Paulo', 'São Paulo', 'SP', '01212-001', 1);
--INSERT INTO TB_ADDRESS(ID, STREET, NUMBER, COMPLEMENT, NEIGHBORHOOD, CITY, STATE, UF, ZIP, USER_ID)
--	   VALUES(2, 'Rua Cristóvão Gonçalves', 31, null, 'Xinheiros', 'São Paulo', 'São Paulo', 'SP', '05426-050', 2);
--INSERT INTO TB_ADDRESS(ID, STREET, NUMBER, COMPLEMENT, NEIGHBORHOOD, CITY, STATE, UF, ZIP, USER_ID)
--	   VALUES(3, 'Rua Augusto de Almeida Batista', 1022, null, 'Jardim São Marcos', 'Embu das Artes', 'São Paulo', 'SP', '06827-050', 3);
--INSERT INTO TB_ADDRESS(ID, STREET, NUMBER, COMPLEMENT, NEIGHBORHOOD, CITY, STATE, UF, ZIP, USER_ID)
--	   VALUES(4, 'Rua Augusto de Almeida Batista', 2222, null, 'Jardim Vazame', 'Embu das Artes', 'São Paulo', 'SP', '06827-300', 3);
--	   
--INSERT INTO TB_STATIONS (ID, NM_FANTAZY, DOC, TYPEDOC, USER_ID, ADDRESS_ID, PHONES_ID, WEB_CONTACTS_ID) VALUES (1, 'Coleta do Bem', '11.222.333/0004-55', 'CNPJ', 1, 1, 1, 1);
--INSERT INTO TB_STATIONS (ID, NM_FANTAZY, DOC, TYPEDOC, USER_ID, ADDRESS_ID, PHONES_ID, WEB_CONTACTS_ID) VALUES (2, 'Recicla tudo', '11.222.333/0004-55', 'CNPJ', 2, 2, 2, 2);
--INSERT INTO TB_STATIONS (ID, NM_FANTAZY, DOC, TYPEDOC, USER_ID, ADDRESS_ID, PHONES_ID, WEB_CONTACTS_ID) VALUES (3, 'Recilaria - Norte', '11.222.333/0004-55', 'CNPJ', 3, 3, 3, 3);
--INSERT INTO TB_STATIONS (ID, NM_FANTAZY, DOC, TYPEDOC, USER_ID, ADDRESS_ID, PHONES_ID, WEB_CONTACTS_ID) VALUES (4, 'Recilaria - Sul', '11.222.333/0004-55', 'CNPJ', 3, 4, 4, 4);
--
--
--
--
--INSERT INTO TB_PRODUCT(ID, PRODUCT) VALUES(1, 'Papelão');
--INSERT INTO TB_PRODUCT(ID, PRODUCT) VALUES(2, 'Alumínio');
--INSERT INTO TB_PRODUCT(ID, PRODUCT) VALUES(3, 'Ferro');
--
--
--
--INSERT INTO TB_MARKET_PRODUCT(ID, VALUE, PRODUCT_ID, STATIONS_ID, DT_INSERT, DT_UPDATE) VALUES(1, 0.10, 1, 1, TO_DATE('10-10-2019 10:21:23', 'DD-MM-RRRR HH24:MI:SS'), TO_DATE('11-10-2019 10:21:23', 'DD-MM-RRRR HH24:MI:SS'));
--INSERT INTO TB_MARKET_PRODUCT(ID, VALUE, PRODUCT_ID, STATIONS_ID, DT_INSERT, DT_UPDATE) VALUES(2, 1.0, 2, 1, TO_DATE('10-10-2019 10:21:23', 'DD-MM-RRRR HH24:MI:SS'), TO_DATE('11-10-2019 10:21:23', 'DD-MM-RRRR HH24:MI:SS'));
--INSERT INTO TB_MARKET_PRODUCT(ID, VALUE, PRODUCT_ID, STATIONS_ID, DT_INSERT, DT_UPDATE) VALUES(3, 0.12, 1, 2, TO_DATE('10-10-2019 10:21:23', 'DD-MM-RRRR HH24:MI:SS'), TO_DATE('11-10-2019 10:21:23', 'DD-MM-RRRR HH24:MI:SS'));
--INSERT INTO TB_MARKET_PRODUCT(ID, VALUE, PRODUCT_ID, STATIONS_ID, DT_INSERT, DT_UPDATE) VALUES(4, 1.2, 2, 2, TO_DATE('10-10-2019 10:21:23', 'DD-MM-RRRR HH24:MI:SS'), TO_DATE('11-10-2019 10:21:23', 'DD-MM-RRRR HH24:MI:SS'));
--INSERT INTO TB_MARKET_PRODUCT(ID, VALUE, PRODUCT_ID, STATIONS_ID, DT_INSERT, DT_UPDATE) VALUES(5, 0.15, 1, 3, TO_DATE('10-10-2019 10:21:23', 'DD-MM-RRRR HH24:MI:SS'), TO_DATE('11-10-2019 10:21:23', 'DD-MM-RRRR HH24:MI:SS'));
--INSERT INTO TB_MARKET_PRODUCT(ID, VALUE, PRODUCT_ID, STATIONS_ID, DT_INSERT, DT_UPDATE) VALUES(6, 1.0, 2, 3, TO_DATE('10-10-2019 10:21:23', 'DD-MM-RRRR HH24:MI:SS'), TO_DATE('11-10-2019 10:21:23', 'DD-MM-RRRR HH24:MI:SS'));
--INSERT INTO TB_MARKET_PRODUCT(ID, VALUE, PRODUCT_ID, STATIONS_ID, DT_INSERT, DT_UPDATE) VALUES(7, 0.9, 3, 1, TO_DATE('10-11-2019 12:20:44', 'DD-MM-RRRR HH24:MI:SS'), TO_DATE('15-11-2019 10:21:23', 'DD-MM-RRRR HH24:MI:SS'));
--INSERT INTO TB_MARKET_PRODUCT(ID, VALUE, PRODUCT_ID, STATIONS_ID, DT_INSERT, DT_UPDATE) VALUES(8, 1.1, 3, 2, TO_DATE('10-10-2019 09:45:12', 'DD-MM-RRRR HH24:MI:SS'), TO_DATE('11-10-2019 10:21:23', 'DD-MM-RRRR HH24:MI:SS'));
--INSERT INTO TB_MARKET_PRODUCT(ID, VALUE, PRODUCT_ID, STATIONS_ID, DT_INSERT, DT_UPDATE) VALUES(9, 0.8, 3, 3, TO_DATE('10-12-2019 08:25:23', 'DD-MM-RRRR HH24:MI:SS'), TO_DATE('20-12-2019 10:21:23', 'DD-MM-RRRR HH24:MI:SS'));
--
--
--INSERT INTO TB_LOG_MARKET_PRODUCT(ID, VALUE, DATE, PRODUCT_ID, PRODUCT_NM, STATIONS_ID, STATIONS_NM, ACTION) VALUES(1, 0.10, TO_DATE('11-09-2020 10:11:22', 'DD-MM-RRRR HH24:MI:SS'), 1, 'Papelão', 1, 'Coleta do Bem', 'Atualização');
--INSERT INTO TB_LOG_MARKET_PRODUCT(ID, VALUE, DATE, PRODUCT_ID, PRODUCT_NM, STATIONS_ID, STATIONS_NM, ACTION) VALUES(2, 1.0, TO_DATE('11-09-2020 10:20:24', 'DD-MM-RRRR HH24:MI:SS'), 2, 'Alumínio', 1, 'Recicla Tudo', 'Atualização');
--INSERT INTO TB_LOG_MARKET_PRODUCT(ID, VALUE, DATE, PRODUCT_ID, PRODUCT_NM, STATIONS_ID, STATIONS_NM, ACTION) VALUES(3, 1.0, TO_DATE('11-09-2020 10:11:24', 'DD-MM-RRRR HH24:MI:SS'), 2, 'Papelão', 2, 'Recicla Tudo', 'Atualização');
--INSERT INTO TB_LOG_MARKET_PRODUCT(ID, VALUE, DATE, PRODUCT_ID, PRODUCT_NM, STATIONS_ID, STATIONS_NM, ACTION) VALUES(4, 1.0, TO_DATE('11-09-2020 10:11:24', 'DD-MM-RRRR HH24:MI:SS'), 2, 'Alumínio', 2, 'Recicla Tudo', 'Atualização');
--INSERT INTO TB_LOG_MARKET_PRODUCT(ID, VALUE, DATE, PRODUCT_ID, PRODUCT_NM, STATIONS_ID, STATIONS_NM, ACTION) VALUES(5, 1.2, TO_DATE('11-09-2020 10:11:24', 'DD-MM-RRRR HH24:MI:SS'), 1, 'Papelão', 1, 'Coleta do Bem', 'Atualização');
--
--
--
--	
